step,train_loss,val_loss,perplexity
1,9.0491,9.0496,8515.05
20,6.6348,6.5446,695.49
40,6.4663,6.3953,599.02
60,6.3536,6.3144,552.49
80,6.2439,6.2081,496.75
100,6.1832,6.1269,458.04
120,6.1315,6.0391,419.52
140,6.0676,5.9956,401.65
160,6.0577,5.9855,397.63
180,6.0497,5.9535,385.10
200,6.0087,5.9177,371.57
220,6.0067,5.9630,388.78
240,6.0256,5.9079,367.94
260,5.9961,5.9116,369.31
280,6.0011,5.9034,366.30
300,5.9748,5.8783,357.22
320,5.9765,5.8927,362.39
340,5.9687,5.8814,358.32
360,5.9653,5.8827,358.79
380,5.9184,5.8593,350.47
400,5.9074,5.8296,340.21
420,5.9385,5.8207,337.19
440,5.9011,5.8111,333.98
460,5.8792,5.8195,336.80
480,5.8616,5.8027,331.18
500,5.8670,5.8139,334.92
520,5.8536,5.7974,329.45
540,5.8580,5.8023,331.06
560,5.8404,5.7720,321.17
580,5.8185,5.7532,315.20
600,5.8241,5.7666,319.45
620,5.8205,5.7404,311.18
640,5.8397,5.7488,313.83
660,5.8043,5.7346,309.38
680,5.7872,5.7330,308.89
700,5.7873,5.7163,303.78
720,5.7692,5.7110,302.19
740,5.7685,5.7116,302.36
760,5.7524,5.6685,289.59
780,5.7667,5.7193,304.69
800,5.7445,5.6736,291.07
820,5.7293,5.6813,293.32
840,5.7201,5.6666,289.05
860,5.7596,5.6602,287.19
880,5.6961,5.6594,286.99
900,5.6976,5.6213,276.24
920,5.7084,5.6678,289.41
940,5.6966,5.6360,280.35
960,5.7238,5.6420,282.02
980,5.6644,5.6254,277.38
1000,5.6590,5.6312,279.00
1020,5.6612,5.6064,272.18
1040,5.6631,5.6069,272.30
1060,5.6293,5.5789,264.79
1080,5.6074,5.5949,269.06
1100,5.6169,5.5706,262.60
1120,5.6053,5.5673,261.74
1140,5.5839,5.5835,265.99
1160,5.5893,5.5561,258.80
1180,5.5957,5.5502,257.29
1200,5.5757,5.5570,259.04
1220,5.5698,5.5321,252.69
1240,5.5420,5.5188,249.34
1260,5.5387,5.5465,256.33
1280,5.5308,5.5174,248.99
1300,5.5150,5.4855,241.17
1320,5.5146,5.4906,242.40
1340,5.5241,5.5060,246.15
1360,5.5097,5.4762,238.94
1380,5.4824,5.4540,233.69
1400,5.4811,5.4599,235.06
1420,5.4692,5.4631,235.84
1440,5.4305,5.4692,237.28
1460,5.4270,5.4606,235.24
1480,5.4632,5.4340,229.06
1500,5.4638,5.4221,226.34
1520,5.4055,5.4429,231.12
1540,5.4295,5.4165,225.08
1560,5.4024,5.4220,226.32
1580,5.3849,5.4171,225.22
1600,5.3745,5.4019,221.82
1620,5.4033,5.3883,218.83
1640,5.4080,5.3737,215.67
1660,5.3556,5.4028,222.04
1680,5.3743,5.3787,216.75
1700,5.3431,5.3937,220.02
1720,5.3579,5.3878,218.72
1740,5.3139,5.3637,213.52
1760,5.3509,5.3833,217.75
1780,5.3344,5.3465,209.87
1800,5.3300,5.3442,209.38
1820,5.3278,5.3427,209.07
1840,5.3352,5.3525,211.13
1860,5.2964,5.3483,210.26
1880,5.2880,5.3377,208.03
1900,5.2826,5.3051,201.35
1920,5.2830,5.3132,203.00
1940,5.2865,5.3182,204.02
1960,5.2773,5.3160,203.57
1980,5.2358,5.3134,203.05
2000,5.2509,5.2571,191.92
2020,5.2604,5.2914,198.63
2040,5.2750,5.2948,199.29
2060,5.2448,5.3192,204.23
2080,5.2276,5.2848,197.31
2100,5.2804,5.2757,195.52
2120,5.2336,5.2858,197.51
2140,5.2191,5.2710,194.61
2160,5.2098,5.2612,192.72
2180,5.1991,5.2667,193.77
2200,5.1986,5.2709,194.60
2220,5.1803,5.2429,189.21
2240,5.1537,5.2740,195.19
2260,5.1470,5.2552,191.56
2280,5.1833,5.2512,190.79
2300,5.1512,5.2268,186.20
2320,5.1596,5.2476,190.11
2340,5.1404,5.2398,188.63
2360,5.1490,5.2348,187.69
2380,5.1635,5.2198,184.89
2400,5.1333,5.2236,185.60
2420,5.1518,5.1963,180.61
2440,5.1309,5.2208,185.07
2460,5.1173,5.1783,177.37
2480,5.0949,5.1966,180.65
2500,5.0997,5.1812,177.90
2520,5.0840,5.1820,178.03
2540,5.0960,5.1818,177.99
2560,5.0818,5.2154,184.08
2580,5.0788,5.2000,181.27
2600,5.0671,5.1872,178.97
2620,5.0769,5.1500,172.43
2640,5.0553,5.1756,176.91
2660,5.0452,5.2000,181.26
2680,5.0386,5.1738,176.58
2700,5.0543,5.1628,174.66
2720,5.0512,5.1354,169.94
2740,5.0510,5.1251,168.18
2760,5.0228,5.1685,175.65
2780,5.0297,5.1709,176.06
2800,5.0342,5.1459,171.73
2820,5.0413,5.1392,170.59
2840,5.0012,5.1778,177.29
2860,5.0019,5.1612,174.37
2880,5.0031,5.1139,166.32
2900,4.9861,5.1325,169.44
2920,4.9699,5.1522,172.81
2940,4.9994,5.1505,172.52
2960,4.9464,5.1142,166.37
2980,4.9875,5.1109,165.82
3000,4.9602,5.1233,167.88
3020,4.9726,5.1318,169.33
3040,4.9832,5.1220,167.67
3060,4.9845,5.1026,164.44
3080,4.9727,5.0898,162.35
3100,4.9622,5.1031,164.53
3120,4.9586,5.1396,170.65
3140,4.9535,5.1085,165.43
3160,4.9729,5.1216,167.61
3180,4.9308,5.1406,170.82
3200,4.9570,5.0903,162.43
3220,4.9255,5.1113,165.89
3240,4.9198,5.1310,169.19
3260,4.9240,5.0900,162.39
3280,4.9119,5.0984,163.76
3300,4.9041,5.0939,163.03
3320,4.9226,5.1270,168.52
3340,4.9230,5.0949,163.19
3360,4.9527,5.0623,157.96
3380,4.8992,5.0778,160.42
3400,4.9034,5.0773,160.34
3420,4.9229,5.1036,164.61
3440,4.8497,5.0658,158.51
3460,4.9062,5.0571,157.13
3480,4.8693,5.0696,159.11
3500,4.8726,5.0531,156.51
3520,4.8993,5.0745,159.90
3540,4.8708,5.0504,156.09
3560,4.8652,5.0522,156.36
3580,4.8841,5.0516,156.27
3600,4.8681,5.0460,155.41
3620,4.8496,5.0544,156.72
3640,4.8377,5.0529,156.47
3660,4.8679,5.0732,159.69
3680,4.8380,5.0691,159.03
3700,4.8372,5.0363,153.90
3720,4.8355,5.0466,155.49
3740,4.8360,5.0598,157.55
3760,4.8297,5.0894,162.29
3780,4.8215,5.0751,159.99
3800,4.8155,5.0335,153.47
3820,4.8086,5.0646,158.32
3840,4.8418,5.0451,155.26
3860,4.8359,5.0339,153.53
3880,4.8452,5.0410,154.62
3900,4.8284,5.0160,150.80
3920,4.8219,5.0174,151.02
3940,4.7823,5.0489,155.85
3960,4.7890,5.0401,154.49
3980,4.8021,5.0283,152.68
4000,4.7984,5.0498,155.99
4020,4.8012,5.0384,154.23
4040,4.7896,5.0280,152.63
4060,4.8104,5.0379,154.15
4080,4.8369,5.0200,151.41
4100,4.7978,5.0135,150.43
4120,4.7697,5.0291,152.79
4140,4.7925,4.9809,145.60
4160,4.7664,5.0279,152.62
4180,4.7813,5.0069,149.44
4200,4.7852,5.0673,158.74
4220,4.7686,5.0400,154.47
4240,4.7612,5.0108,150.02
4260,4.7752,5.0397,154.43
4280,4.7767,5.0185,151.18
4300,4.7533,5.0010,148.55
4320,4.7641,5.0319,153.22
4340,4.7646,5.0143,150.55
4360,4.7239,5.0100,149.91
4380,4.7575,5.0519,156.32
4400,4.7454,5.0067,149.41
4420,4.7687,4.9860,146.35
4440,4.7420,5.0126,150.29
4460,4.7310,5.0039,148.99
4480,4.7364,5.0000,148.42
4500,4.7257,5.0280,152.63
4520,4.7295,4.9875,146.57
4540,4.7418,5.0238,151.99
4560,4.7371,5.0258,152.29
4580,4.7360,5.0046,149.10
4600,4.7250,4.9899,146.92
4620,4.6965,4.9874,146.56
4640,4.7302,4.9881,146.65
4660,4.7416,4.9900,146.94
4680,4.7154,5.0079,149.59
4700,4.6808,5.0224,151.78
4720,4.7113,5.0001,148.43
4740,4.7187,4.9647,143.26
4760,4.6864,4.9825,145.83
4780,4.6599,4.9844,146.11
4800,4.7077,4.9718,144.29
4820,4.6759,4.9783,145.23
4840,4.6967,4.9748,144.72
4860,4.6970,4.9933,147.42
4880,4.6973,4.9896,146.87
4900,4.6824,5.0234,151.93
4920,4.6869,4.9970,147.98
4940,4.6882,4.9770,145.04
4960,4.6857,5.0113,150.10
4980,4.6886,4.9744,144.66
5000,4.6847,5.0374,154.07
5020,4.6790,4.9830,145.91
5040,4.6592,4.9683,143.78
5060,4.6862,4.9762,144.93
5080,4.7049,4.9604,142.65
5100,4.6822,4.9627,142.97
5120,4.6442,4.9579,142.29
5140,4.6828,4.9738,144.58
5160,4.6640,4.9776,145.12
5180,4.6725,4.9821,145.77
5200,4.6532,4.9518,141.43
5220,4.6282,4.9737,144.56
5240,4.6295,4.9842,146.09
5260,4.6657,4.9673,143.64
5280,4.6413,4.9749,144.73
5300,4.6557,4.9508,141.28
5320,4.6414,4.9688,143.85
5340,4.6492,4.9361,139.22
5360,4.6363,4.9778,145.15
5380,4.5843,4.9818,145.74
5400,4.6616,4.9406,139.86
5420,4.6020,4.9566,142.11
5440,4.6511,4.9588,142.42
5460,4.6414,4.9560,142.02
5480,4.6471,4.9575,142.24
5500,4.6662,4.9767,145.00
5520,4.6168,4.9832,145.94
5540,4.6319,4.9631,143.03
5560,4.6420,4.9864,146.41
5580,4.6598,4.9722,144.34
5600,4.6301,4.9876,146.58
5620,4.6194,4.9499,141.17
5640,4.6368,4.9456,140.55
5660,4.5962,4.9684,143.79
5680,4.6219,4.9480,140.89
5700,4.6456,4.9636,143.11
5720,4.6287,4.9565,142.09
5740,4.6252,4.9237,137.51
5760,4.6330,4.9539,141.73
5780,4.6018,4.9653,143.35
5800,4.6153,4.9402,139.80
5820,4.6050,4.9167,136.55
5840,4.5964,4.9369,139.34
5860,4.5978,4.9437,140.29
5880,4.5865,4.9490,141.03
5900,4.5935,4.9499,141.16
5920,4.6203,4.9207,137.10
5940,4.6130,4.9736,144.54
5960,4.6261,4.9493,141.08
5980,4.5720,4.9275,138.04
6000,4.6002,4.9261,137.85
6020,4.5732,4.9930,147.38
6040,4.6286,4.9634,143.08
6060,4.5968,4.9417,140.01
6080,4.5715,4.9941,147.53
6100,4.5784,4.9594,142.50
6120,4.5673,4.9257,137.78
6140,4.6127,4.9290,138.25
6160,4.5478,4.9488,141.01
6180,4.5696,4.9358,139.18
6200,4.5925,4.9289,138.22
6220,4.5463,4.9662,143.48
6240,4.5744,4.9006,134.37
6260,4.5835,4.9193,136.91
6280,4.5790,4.9324,138.71
6300,4.5754,4.9466,140.70
6320,4.5675,4.9413,139.95
6340,4.5563,4.9200,137.01
6360,4.5531,4.9362,139.24
6380,4.5726,4.9521,141.47
6400,4.5755,4.9075,135.30
6420,4.5563,4.9561,142.04
6440,4.5671,4.9426,140.14
6460,4.5567,4.9622,142.90
6480,4.5578,4.9276,138.05
6500,4.5643,4.9023,134.61
6520,4.5879,4.9248,137.66
6540,4.5568,4.9292,138.27
6560,4.5540,4.9402,139.79
6580,4.5846,4.9257,137.78
6600,4.5608,4.9483,140.94
6620,4.5480,4.9545,141.81
6640,4.5393,4.9345,139.00
6660,4.5375,4.9592,142.48
6680,4.5433,4.9166,136.54
6700,4.5318,4.9242,137.58
6720,4.5207,4.9284,138.15
6740,4.5598,4.9588,142.43
6760,4.5106,4.9470,140.75
6780,4.5076,4.9403,139.82
6800,4.5348,4.9011,134.44
6820,4.5463,4.9375,139.42
6840,4.5384,4.9386,139.57
6860,4.5156,4.8967,133.84
6880,4.5262,4.8785,131.43
6900,4.5553,4.9347,139.03
6920,4.5488,4.9222,137.31
6940,4.5501,4.9266,137.90
6960,4.5471,4.9182,136.75
6980,4.5269,4.9423,140.10
7000,4.4888,4.9640,143.16
7020,4.5407,4.9339,138.93
7040,4.5463,4.9163,136.50
7060,4.5276,4.9089,135.49
7080,4.5217,4.8968,133.86
7100,4.5211,4.9291,138.26
7120,4.5228,4.9497,141.13
7140,4.5162,4.9040,134.83
7160,4.5054,4.9153,136.36
7180,4.5219,4.9087,135.47
7200,4.5181,4.9022,134.59
7220,4.5087,4.8950,133.62
7240,4.5225,4.9256,137.78
7260,4.5080,4.9101,135.65
7280,4.5421,4.9003,134.33
7300,4.5254,4.9040,134.82
7320,4.4994,4.9104,135.69
7340,4.4798,4.9150,136.33
7360,4.5007,4.9093,135.54
7380,4.4843,4.9139,136.17
7400,4.5010,4.9140,136.18
7420,4.4698,4.9163,136.50
7440,4.5199,4.9179,136.71
7460,4.5172,4.9304,138.43
7480,4.4658,4.9162,136.49
7500,4.5153,4.9131,136.07
7520,4.4866,4.9233,137.46
7540,4.4706,4.8888,132.80
7560,4.4975,4.9332,138.82
7580,4.4736,4.9280,138.10
7600,4.4784,4.9324,138.71
7620,4.4951,4.9169,136.57
7640,4.5032,4.9407,139.87
7660,4.4837,4.9222,137.31
7680,4.5029,4.9279,138.09
7700,4.4882,4.9330,138.79
7720,4.4922,4.9206,137.08
7740,4.5005,4.9197,136.96
7760,4.4905,4.9058,135.07
7780,4.4889,4.8987,134.11
7800,4.4894,4.9060,135.10
7820,4.4616,4.9244,137.61
7840,4.5201,4.9110,135.77
7860,4.4703,4.8873,132.60
7880,4.4562,4.9010,134.42
7900,4.4598,4.9092,135.53
7920,4.4789,4.9252,137.72
7940,4.4596,4.9160,136.45
7960,4.4622,4.9229,137.40
7980,4.4632,4.9319,138.64
8000,4.4550,4.9181,136.75
8020,4.4676,4.9186,136.81
8040,4.4716,4.9230,137.42
8060,4.4734,4.9318,138.62
8080,4.4581,4.9348,139.04
8100,4.4776,4.8822,131.92
8120,4.4480,4.9211,137.15
8140,4.4709,4.8734,130.77
8160,4.4321,4.8961,133.77
8180,4.4762,4.9347,139.03
8200,4.4650,4.8807,131.72
8220,4.4717,4.8771,131.24
8240,4.4695,4.8849,132.28
8260,4.4348,4.9130,136.05
8280,4.4651,4.9081,135.39
8300,4.4637,4.9148,136.29
8320,4.4622,4.8967,133.84
8340,4.4577,4.9251,137.71
8360,4.4330,4.8910,133.08
8380,4.4480,4.8912,133.11
8400,4.4123,4.8989,134.14
8420,4.4514,4.8963,133.79
8440,4.4447,4.9187,136.82
8460,4.4613,4.9038,134.80
8480,4.4642,4.9105,135.70
8500,4.4585,4.9100,135.64
8520,4.4539,4.9056,135.04
8540,4.4555,4.9006,134.37
8560,4.4590,4.9402,139.79
8580,4.4210,4.8988,134.12
8600,4.4562,4.9033,134.74
8620,4.4206,4.8911,133.11
8640,4.4571,4.8653,129.71
8660,4.4585,4.9366,139.29
8680,4.4225,4.8848,132.26
8700,4.4551,4.9162,136.48
8720,4.4462,4.8915,133.15
8740,4.4110,4.9016,134.51
8760,4.4624,4.8772,131.26
8780,4.4400,4.9087,135.46
8800,4.4191,4.9036,134.78
8820,4.4531,4.8845,132.23
8840,4.4410,4.9219,137.26
8860,4.4170,4.9000,134.29
8880,4.4135,4.8961,133.76
8900,4.4286,4.8994,134.21
8920,4.4162,4.9341,138.94
8940,4.4439,4.8824,131.95
8960,4.4293,4.9120,135.92
8980,4.4284,4.9198,136.98
9000,4.3912,4.9371,139.37
9020,4.4069,4.8658,129.78
9040,4.4174,4.9097,135.60
9060,4.3997,4.9123,135.96
9080,4.4237,4.8508,127.85
9100,4.4422,4.8813,131.80
9120,4.4273,4.8779,131.35
9140,4.4302,4.8679,130.05
9160,4.3918,4.8873,132.60
9180,4.4284,4.9134,136.10
9200,4.3919,4.9041,134.84
9220,4.4173,4.9185,136.79
9240,4.4120,4.9046,134.90
9260,4.4183,4.9077,135.33
9280,4.4163,4.9195,136.94
9300,4.3872,4.8759,131.09
9320,4.3945,4.9077,135.33
9340,4.3924,4.8983,134.06
9360,4.4011,4.8606,129.10
9380,4.4108,4.8949,133.61
9400,4.3923,4.9181,136.75
9420,4.4229,4.8828,132.00
9440,4.4100,4.9140,136.19
9460,4.4228,4.9178,136.70
9480,4.3892,4.9054,135.01
9500,4.4225,4.9032,134.72
9520,4.3937,4.9239,137.54
9540,4.4124,4.8930,133.35
9560,4.4310,4.8873,132.60
9580,4.3908,4.9169,136.58
9600,4.4045,4.9277,138.07
9620,4.3676,4.9008,134.40
9640,4.3799,4.9021,134.57
9660,4.3830,4.8775,131.30
9680,4.3594,4.8977,133.99
9700,4.4055,4.9170,136.60
9720,4.3944,4.9065,135.17
9740,4.4259,4.9298,138.35
9760,4.4051,4.8854,132.34
9780,4.3927,4.8973,133.93
9800,4.3728,4.8882,132.72
9820,4.3886,4.8999,134.28
9840,4.3676,4.8830,132.02
9860,4.3786,4.8779,131.36
9880,4.3752,4.8822,131.92
9900,4.3902,4.8729,130.70
9920,4.3646,4.8924,133.27
9940,4.3938,4.8852,132.32
9960,4.3805,4.8953,133.66
9980,4.3803,4.8980,134.02
10000,4.3864,4.8874,132.61
10020,4.3778,4.9115,135.84
10040,4.3582,4.8897,132.91
10060,4.3763,4.8863,132.47
10080,4.3852,4.9187,136.82
10100,4.3951,4.9323,138.70
10120,4.3598,4.8711,130.47
10140,4.3850,4.9032,134.72
10160,4.4231,4.9162,136.49
10180,4.3882,4.8834,132.08
10200,4.3735,4.8868,132.53
10220,4.3688,4.8644,129.60
10240,4.3660,4.9079,135.35
10260,4.3952,4.9014,134.48
10280,4.3707,4.8952,133.64
10300,4.3789,4.9468,140.72
10320,4.3720,4.8771,131.25
10340,4.3726,4.9283,138.15
10360,4.3540,4.9182,136.75
10380,4.3661,4.8822,131.92
10400,4.3828,4.8947,133.58
10420,4.3445,4.8687,130.15
10440,4.3309,4.8683,130.10
10460,4.3356,4.8642,129.57
10480,4.3558,4.8838,132.13
10500,4.3808,4.8953,133.66
10520,4.3604,4.8908,133.06
10540,4.3362,4.8994,134.21
10560,4.3496,4.9165,136.52
10580,4.3508,4.8932,133.38
10600,4.3698,4.8983,134.06
10620,4.3659,4.8874,132.61
10640,4.3676,4.8905,133.02
10660,4.3448,4.8908,133.06
10680,4.3425,4.8801,131.64
10700,4.3500,4.9033,134.73
10720,4.3428,4.8858,132.40
10740,4.3678,4.9412,139.94
10760,4.3177,4.9181,136.74
10780,4.3443,4.9088,135.47
10800,4.3274,4.9085,135.44
10820,4.3503,4.8948,133.59
10840,4.3393,4.8530,128.12
10860,4.3494,4.8597,128.99
10880,4.3114,4.8603,129.07
10900,4.3740,4.8931,133.36
10920,4.3242,4.8685,130.12
10940,4.3604,4.8887,132.78
10960,4.3467,4.9148,136.29
10980,4.3545,4.9155,136.39
11000,4.3400,4.8935,133.43
11020,4.3117,4.9444,140.38
11040,4.3463,4.9211,137.15
11060,4.3466,4.9212,137.17
11080,4.3309,4.9010,134.42
11100,4.3613,4.8907,133.05
11120,4.3343,4.9041,134.84
11140,4.3421,4.8844,132.21
11160,4.3474,4.8817,131.85
11180,4.3437,4.8938,133.46
11200,4.3487,4.9186,136.81
11220,4.3589,4.9066,135.18
11240,4.3271,4.8909,133.07
11260,4.3301,4.8964,133.81
11280,4.3242,4.8797,131.59
11300,4.3418,4.8765,131.17
11320,4.3235,4.8970,133.89
11340,4.3445,4.8762,131.13
11360,4.3389,4.8871,132.57
11380,4.3602,4.9259,137.81
11400,4.3470,4.8965,133.82
11420,4.3441,4.9217,137.24
11440,4.3266,4.8960,133.76
11460,4.3432,4.8693,130.23
11480,4.3485,4.8820,131.90
11500,4.3258,4.8802,131.66
11520,4.3268,4.8913,133.12
11540,4.3515,4.8892,132.85
11560,4.3475,4.8678,130.03
11580,4.3091,4.9215,137.20
11600,4.3230,4.8918,133.19
11620,4.3172,4.8975,133.95
11640,4.3063,4.8886,132.77
11660,4.3413,4.8985,134.09
11680,4.3519,4.8962,133.78
11700,4.2973,4.8823,131.93
11720,4.3367,4.8913,133.13
11740,4.3205,4.8912,133.11
11760,4.3199,4.8772,131.26
11780,4.3083,4.9038,134.80
11800,4.3364,4.9157,136.42
11820,4.3323,4.9144,136.24
11840,4.3038,4.9193,136.91
11860,4.3098,4.8640,129.54
11880,4.3003,4.8756,131.05
11900,4.3289,4.9205,137.07
11920,4.3494,4.9024,134.62
11940,4.2905,4.8924,133.28
11960,4.3248,4.8827,131.98
11980,4.3206,4.9026,134.65
12000,4.3394,4.9254,137.74
